{"cameraMode":{"drawMode":0,"name":"Shaded","section":"Shading Mode"},"sceneLighting":false,"audioPlay":false,"sceneViewState":{"showFog":true,"showMaterialUpdate":false,"showSkybox":true,"showFlares":true,"showImageEffects":true,"showParticleSystems":true},"in2DMode":false,"pivot":{"x":1.0289154052734376,"y":103.67242431640625,"z":-2.934865951538086},"rotation":{"x":0.27438023686408999,"y":-0.6771751046180725,"z":0.30387163162231448,"w":0.6114217638969421},"size":33.887596130371097,"orthographic":false}