{"cameraMode":{"drawMode":0,"name":"Shaded","section":"Shading Mode"},"sceneLighting":false,"audioPlay":false,"sceneViewState":{"showFog":true,"showMaterialUpdate":false,"showSkybox":false,"showFlares":true,"showImageEffects":true,"showParticleSystems":true},"in2DMode":false,"pivot":{"x":0.38496270775794985,"y":109.66010284423828,"z":-8.675758361816407},"rotation":{"x":-0.2573382258415222,"y":-0.13256938755512238,"z":0.03566228225827217,"w":-0.9565304517745972},"size":2.2720894813537599,"orthographic":false}